structure_id,landscape_scenario_id,ead_fwoa_year00,ead_fwoa_year01,ead_fwoa_year02,ead_fwoa_year03,ead_fwoa_year04,ead_fwoa_year05,ead_fwoa_year06,ead_fwoa_year07,ead_fwoa_year08,ead_fwoa_year09,ead_fwoa_year10,ead_fwoa_year11,ead_fwoa_year12,ead_fwoa_year13,ead_fwoa_year14,ead_fwoa_year15,ead_fwoa_year16,ead_fwoa_year17,ead_fwoa_year18,ead_fwoa_year19,ead_fwoa_year20,ead_fwoa_year21,ead_fwoa_year22,ead_fwoa_year23,ead_fwoa_year24,ead_fwoa_year25,ead_fwoa_year26,ead_fwoa_year27,ead_fwoa_year28,ead_fwoa_year29,ead_fwoa_year30,ead_fwoa_year31,ead_fwoa_year32,ead_fwoa_year33,ead_fwoa_year34,ead_fwoa_year35,ead_fwoa_year36,ead_fwoa_year37,ead_fwoa_year38,ead_fwoa_year39,ead_fwoa_year40,ead_fwoa_year41,ead_fwoa_year42,ead_fwoa_year43,ead_fwoa_year44,ead_fwoa_year45,ead_fwoa_year46,ead_fwoa_year47,ead_fwoa_year48,ead_fwoa_year49,ead_fwoa_year50
2.0,7.0,0.0,0.0,0.0,0.0,0.0,0.0,0.0,0.0,0.0,0.0,0.0,0.0,0.0,0.0,0.0,0.0,0.0,0.0,0.0,0.0,0.0,0.0,0.0,0.0,0.0,0.0,0.0,0.0,0.0,0.0,0.0,0.0,0.0,0.0,0.0,0.0,0.0,0.0,0.0,0.0,0.0,0.0,0.0,0.0,0.0,0.0,0.0,0.0,0.0,0.0,0.0
3.0,7.0,0.0,0.0,0.0,0.0,0.0,0.0,0.0,0.0,0.0,0.0,0.0,0.0,0.0,0.0,0.0,0.0,0.0,0.0,0.0,0.0,0.0,0.0,0.0,0.0,0.0,0.0,0.0,0.0,0.0,0.0,0.0,0.0,0.0,0.0,0.0,0.0,0.0,0.0,0.0,0.0,0.0,30.4077352591476,60.81547051829519,91.2232057774428,121.6309410365904,152.038676295738,182.4464115548856,212.8541468140332,243.2618820731808,273.6696173323284,304.077352591476
4.0,7.0,0.0,0.0,0.0,0.0,0.0,0.0,0.0,0.0,0.0,0.0,0.0,0.0,0.0,0.0,0.0,0.0,0.0,0.0,0.0,0.0,0.0,11.1977446497614,22.3954892995228,33.5932339492842,44.7909785990456,55.988723248807005,67.1864678985684,78.3842125483298,89.5819571980912,100.7797018478526,111.977446497614,155.3274807092462,198.6775149208784,242.0275491325106,285.3775833441428,328.727617555775,372.0776517674073,415.4276859790394,458.7777201906716,502.1277544023038,545.477788613936,604.8984429214383,664.3190972289408,723.7397515364432,783.1604058439456,842.5810601514479,902.0017144589503,961.4223687664528,1020.8430230739552,1080.2636773814577,1139.68433168896
7.0,7.0,326.679472107121,327.485932179365,328.292392251609,329.098852323853,329.905312396097,330.711772468341,331.518232540585,332.324692612829,333.131152685073,333.93761275731697,334.744072829561,335.3284833539238,335.9128938782866,336.4973044026494,337.0817149270122,337.666125451375,338.2505359757378,338.8349465001006,339.4193570244634,340.0037675488262,340.588178073189,339.9218798085763,339.2555815439636,338.5892832793509,337.92298501473823,337.2566867501255,336.5903884855128,335.9240902209001,335.2577919562874,334.5914936916747,333.925195427062,334.8919309659376,335.85866650481324,336.8254020436888,337.7921375825644,338.75887312144005,339.72560866031563,340.6923441991912,341.6590797380668,342.62581527694243,343.592550815818,347.31226787910634,351.0319849423946,354.7517020056829,358.4714190689712,362.19113613225954,365.9108531955478,369.6305702588361,373.3502873221244,377.0700043854128,380.789721448701
8.0,7.0,5.62832564556585,6.950142232668095,8.27195881977034,9.593775406872584,10.91559199397483,12.237408581077077,13.55922516817932,14.881041755281569,16.202858342383813,17.524674929486054,18.8464915165883,20.94911660650288,23.051741696417466,25.15436678633204,27.256991876246623,29.3596169661612,31.46224205607578,33.56486714599036,35.667492235904945,37.77011732581952,39.8727424157341,52.87515361759729,65.87756481946047,78.87997602132367,91.88238722318684,104.88479842505004,117.88720962691325,130.88962082877643,143.8920320306396,156.8944432325028,169.896854434366,217.7492993898136,265.6017443452612,313.45418930070883,361.3066342561564,409.159079211604,457.0115241670517,504.86396912249927,552.7164140779469,600.5688590333945,648.421303988842,740.8196051015789,833.2179062143157,925.6162073270524,1018.0145084397892,1110.412809552526,1202.8111106652627,1295.2094117779995,1387.6077128907364,1480.0060140034732,1572.40431511621
9.0,7.0,0.0,0.0,0.0,0.0,0.0,0.0,0.0,0.0,0.0,0.0,0.0,0.0,0.0,0.0,0.0,0.0,0.0,0.0,0.0,0.0,0.0,0.0,0.0,0.0,0.0,0.0,0.0,0.0,0.0,0.0,0.0,0.0,0.0,0.0,0.0,0.0,0.0,0.0,0.0,0.0,0.0,0.0,0.0,0.0,0.0,0.0,0.0,0.0,0.0,0.0,0.0
10.0,7.0,0.0,0.0,0.0,0.0,0.0,0.0,0.0,0.0,0.0,0.0,0.0,0.0,0.0,0.0,0.0,0.0,0.0,0.0,0.0,0.0,0.0,0.0,0.0,0.0,0.0,0.0,0.0,0.0,0.0,0.0,0.0,0.0,0.0,0.0,0.0,0.0,0.0,0.0,0.0,0.0,0.0,0.0,0.0,0.0,0.0,0.0,0.0,0.0,0.0,0.0,0.0
11.0,7.0,0.0,0.0,0.0,0.0,0.0,0.0,0.0,0.0,0.0,0.0,0.0,0.0,0.0,0.0,0.0,0.0,0.0,0.0,0.0,0.0,0.0,0.0,0.0,0.0,0.0,0.0,0.0,0.0,0.0,0.0,0.0,0.0,0.0,0.0,0.0,0.0,0.0,0.0,0.0,0.0,0.0,0.0,0.0,0.0,0.0,0.0,0.0,0.0,0.0,0.0,0.0
16.0,7.0,1483.89458752728,1512.108351166122,1540.322114804964,1568.535878443806,1596.749642082648,1624.9634057214898,1653.1771693603318,1681.390932999174,1709.604696638016,1737.818460276858,1766.0322239157,1815.96569945413,1865.89917499256,1915.83265053099,1965.76612606942,2015.69960160785,2065.63307714628,2115.5665526847097,2165.50002822314,2215.43350376157,2265.3669793,2342.8191888553,2420.2713984106,2497.7236079659,2575.1758175212,2652.6280270765,2730.0802366318,2807.5324461871,2884.9846557424,2962.4368652977,3039.889074853,3184.7141471698537,3329.539219486708,3474.3642918035616,3619.189364120416,3764.01443643727,3908.839508754124,4053.664581070978,4198.489653387832,4343.314725704686,4488.13979802154,4778.178958285834,5068.218118550128,5358.257278814422,5648.2964390787165,5938.3355993430105,6228.374759607304,6518.413919871598,6808.453080135892,7098.492240400186,7388.53140066448
17.0,7.0,0.0,0.0,0.0,0.0,0.0,0.0,0.0,0.0,0.0,0.0,0.0,0.0,0.0,0.0,0.0,0.0,0.0,0.0,0.0,0.0,0.0,0.0,0.0,0.0,0.0,0.0,0.0,0.0,0.0,0.0,0.0,0.0,0.0,0.0,0.0,0.0,0.0,0.0,0.0,0.0,0.0,0.0,0.0,0.0,0.0,0.0,0.0,0.0,0.0,0.0,0.0
18.0,7.0,17.6779065147812,20.54848376072605,23.4190610066709,26.28963825261575,29.1602154985606,32.03079274450545,34.9013699904503,37.77194723639515,40.64252448234,43.51310172828485,46.3836789742297,52.06569484247443,57.74771071071916,63.42972657896389,69.11174244720863,74.79375831545335,80.47577418369808,86.15779005194281,91.83980592018752,97.52182178843228,103.203837656677,109.9496071859748,116.6953767152726,123.4411462445704,130.1869157738682,136.932685303166,143.6784548324638,150.4242243617616,157.1699938910594,163.9157634203572,170.661532949655,239.6914802182933,308.7214274869316,377.7513747555699,446.7813220242082,515.8112692928464,584.8412165614848,653.8711638301231,722.9011110987614,791.9310583673997,860.961005636038,949.4016540078602,1037.8423023796825,1126.2829507515046,1214.7235991233267,1303.164247495149,1391.6048958669712,1480.0455442387934,1568.4861926106155,1656.926840982438,1745.36748935426
19.0,7.0,0.0,0.0,0.0,0.0,0.0,0.0,0.0,0.0,0.0,0.0,0.0,0.0,0.0,0.0,0.0,0.0,0.0,0.0,0.0,0.0,0.0,0.0,0.0,0.0,0.0,0.0,0.0,0.0,0.0,0.0,0.0,0.425683627587079,0.851367255174158,1.277050882761237,1.702734510348316,2.128418137935395,2.554101765522474,2.979785393109553,3.405469020696632,3.831152648283711,4.25683627587079,6.649368696177271,9.041901116483752,11.434433536790234,13.826965957096714,16.219498377403195,18.61203079770968,21.00456321801616,23.39709563832264,25.78962805862912,28.1821604789356
20.0,7.0,0.0,0.0,0.0,0.0,0.0,0.0,0.0,0.0,0.0,0.0,0.0,0.0,0.0,0.0,0.0,0.0,0.0,0.0,0.0,0.0,0.0,0.0,0.0,0.0,0.0,0.0,0.0,0.0,0.0,0.0,0.0,0.0,0.0,0.0,0.0,0.0,0.0,0.0,0.0,0.0,0.0,1.82583988745498,3.65167977490996,5.477519662364941,7.303359549819921,9.1291994372749,10.95503932472988,12.78087921218486,14.60671909963984,16.432558987094822,18.2583988745498
21.0,7.0,0.0,0.0,0.0,0.0,0.0,0.0,0.0,0.0,0.0,0.0,0.0,0.0,0.0,0.0,0.0,0.0,0.0,0.0,0.0,0.0,0.0,0.0,0.0,0.0,0.0,0.0,0.0,0.0,0.0,0.0,0.0,0.0,0.0,0.0,0.0,0.0,0.0,0.0,0.0,0.0,0.0,0.0,0.0,0.0,0.0,0.0,0.0,0.0,0.0,0.0,0.0
22.0,7.0,0.0,0.0,0.0,0.0,0.0,0.0,0.0,0.0,0.0,0.0,0.0,0.0,0.0,0.0,0.0,0.0,0.0,0.0,0.0,0.0,0.0,0.0,0.0,0.0,0.0,0.0,0.0,0.0,0.0,0.0,0.0,0.408185012761,0.816370025522,1.224555038283,1.632740051044,2.040925063805,2.449110076566,2.857295089327,3.265480102088,3.673665114849,4.08185012761,4.71775901898915,5.3536679103683,5.98957680174745,6.6254856931266,7.26139458450575,7.8973034758849,8.53321236726405,9.1691212586432,9.80503015002235,10.4409390414015
23.0,7.0,0.0,0.0,0.0,0.0,0.0,0.0,0.0,0.0,0.0,0.0,0.0,0.98158174043198,1.96316348086396,2.94474522129594,3.92632696172792,4.9079087021599,5.88949044259188,6.87107218302386,7.85265392345584,8.83423566388782,9.8158174043198,11.89531142302524,13.97480544173068,16.05429946043612,18.13379347914156,20.213287497847,22.29278151655244,24.372275535257884,26.451769553963324,28.531263572668763,30.6107575913742,51.57655039204057,72.54234319270695,93.50813599337332,114.47392879403972,135.4397215947061,156.40551439537248,177.37130719603886,198.33709999670523,219.3028927973716,240.268685598038,316.8759924702172,393.4832993423964,470.0906062145756,546.6979130867547,623.305219958934,699.9125268311132,776.5198337032924,853.1271405754716,929.7344474476508,1006.34175431983
24.0,7.0,0.0,0.0,0.0,0.0,0.0,0.0,0.0,0.0,0.0,0.0,0.0,0.0,0.0,0.0,0.0,0.0,0.0,0.0,0.0,0.0,0.0,0.0,0.0,0.0,0.0,0.0,0.0,0.0,0.0,0.0,0.0,27.1848525905865,54.369705181173,81.5545577717595,108.739410362346,135.9242629529325,163.109115543519,190.2939681341055,217.478820724692,244.6636733152785,271.848525905865,370.9957566981925,470.14298749052,569.2902182828475,668.437449075175,767.5846798675025,866.73191065983,965.8791414521576,1065.026372244485,1164.1736030368124,1263.32083382914
25.0,7.0,0.0,0.0,0.0,0.0,0.0,0.0,0.0,0.0,0.0,0.0,0.0,0.0,0.0,0.0,0.0,0.0,0.0,0.0,0.0,0.0,0.0,0.0,0.0,0.0,0.0,0.0,0.0,0.0,0.0,0.0,0.0,1.16210846917903,2.32421693835806,3.48632540753709,4.64843387671612,5.81054234589515,6.97265081507418,8.13475928425321,9.29686775343224,10.45897622261127,11.6210846917903,14.3428660967961,17.0646475018019,19.7864289068077,22.5082103118135,25.2299917168193,27.9517731218251,30.6735545268309,33.3953359318367,36.1171173368425,38.8388987418483
26.0,7.0,2.54095093962096,3.270429805095734,3.999908670570508,4.729387536045282,5.458866401520057,6.18834526699483,6.917824132469605,7.647302997944378,8.376781863419152,9.106260728893924,9.8357395943687,10.26926893587298,10.70279827737726,11.13632761888154,11.56985696038582,12.0033863018901,12.43691564339438,12.87044498489866,13.30397432640294,13.73750366790722,14.1710330094115,20.97564918625806,27.78026536310462,34.58488153995118,41.38949771679774,48.1941138936443,54.99873007049087,61.80334624733742,68.60796242418398,75.41257860103053,82.2171947778771,99.92744373953678,117.63769270119649,135.34794166285616,153.05819062451587,170.76843958617553,188.47868854783525,206.1889375094949,223.89918647115465,241.6094354328143,259.319684394474,285.7213632895081,312.1230421845422,338.5247210795763,364.9263999746104,391.3280788696445,417.7297577646786,444.1314366597127,470.5331155547468,496.9347944497809,523.336473344815
27.0,7.0,0.0,0.8077324903741611,1.615464980748322,2.4231974711224837,3.230929961496644,4.038662451870805,4.846394942244967,5.654127432619127,6.4618599229932885,7.26959241336745,8.07732490374161,8.984601677464909,9.891878451188209,10.799155224911509,11.706431998634804,12.613708772358104,13.520985546081404,14.428262319804702,15.335539093528002,16.242815867251302,17.1500926409746,19.000602897587655,20.85111315420072,22.70162341081378,24.55213366742684,26.4026439240399,28.25315418065296,30.10366443726602,31.95417469387908,33.804684950492145,35.6551952071052,69.14618543292968,102.63717565875416,136.12816588457866,169.61915611040314,203.1101463362276,236.6011365620521,270.09212678787657,303.58311701370104,337.0741072395255,370.56509746535,435.435589100896,500.306080736442,565.176572371988,630.047064007534,694.91755564308,759.788047278626,824.658538914172,889.5290305497181,954.399522185264,1019.27001382081
28.0,7.0,3.98033623944574,4.902394569616326,5.8244528997869125,6.746511229957498,7.668569560128084,8.59062789029867,9.512686220469256,10.434744550639843,11.356802880810427,12.278861210981017,13.200919541151602,21.82376514490123,30.446610748650865,39.069456352400486,47.69230195615012,56.31514755989975,64.93799316364938,73.560838767399,82.18368437114864,90.80652997489828,99.4293755786479,108.75905790642642,118.08874023420492,127.41842256198343,136.74810488976195,146.07778721754045,155.40746954531895,164.73715187309747,174.06683420087597,183.3965165286545,192.72619885643303,229.2577167411748,265.7892346259166,302.3207525106584,338.8522703954002,375.383788280142,411.9153061648838,448.44682404962566,484.97834193436745,521.5098598191092,558.041377703851,573.4163422290549,588.7913067542586,604.1662712794624,619.5412358046663,634.91620032987,650.2911648550738,665.6661293802777,681.0410939054815,696.4160584306852,711.791022955889
29.0,7.0,0.0,0.0,0.0,0.0,0.0,0.0,0.0,0.0,0.0,0.0,0.0,0.0,0.0,0.0,0.0,0.0,0.0,0.0,0.0,0.0,0.0,0.7939728147989029,1.5879456295978058,2.3819184443967085,3.175891259195612,3.969864073994515,4.763836888793417,5.55780970359232,6.351782518391223,7.145755333190127,7.93972814798903,8.784828198696857,9.629928249404683,10.47502830011251,11.320128350820337,12.165228401528164,13.010328452235992,13.85542850294382,14.700528553651646,15.545628604359472,16.3907286550673,33.936187404225166,51.48164615338304,69.02710490254091,86.57256365169877,104.11802240085666,121.66348115001452,139.20893989917238,156.75439864833027,174.29985739748813,191.845316146646
31.0,7.0,39727.8877740862,39740.30709195232,39752.72640981844,39765.14572768456,39777.56504555068,39789.9843634168,39802.40368128292,39814.82299914904,39827.24231701516,39839.66163488128,39852.0809527474,39828.38011345284,39804.67927415828,39780.97843486372,39757.27759556916,39733.57675627461,39709.87591698004,39686.17507768548,39662.474238390925,39638.77339909636,39615.0725598018,39915.05574301,40215.0389262182,40515.022109426405,40815.0052926346,41114.9884758428,41414.971659051,41714.9548422592,42014.9380254674,42314.9212086756,42614.9043918838,42885.200329944,43155.4962680042,43425.7922060644,43696.0881441246,43966.3840821848,44236.680020245,44506.9759583052,44777.2718963654,45047.5678344256,45317.8637724858,45932.43857271441,46547.013372943016,47161.58817317163,47776.16297340024,48390.73777362885,49005.31257385746,49619.88737408607,50234.462174314685,50849.03697454329,51463.6117747719
32.0,7.0,4324.90343897279,4431.828414796899,4538.753390621008,4645.678366445118,4752.603342269226,4859.528318093335,4966.453293917444,5073.378269741554,5180.303245565662,5287.228221389771,5394.15319721388,5569.080472657148,5744.007748100416,5918.935023543684,6093.862298986952,6268.7895744302205,6443.716849873488,6618.644125316756,6793.571400760024,6968.498676203292,7143.42595164656,7408.401397901531,7673.376844156502,7938.352290411472,8203.327736666444,8468.303182921414,8733.278629176386,8998.254075431356,9263.229521686328,9528.2049679413,9793.18041419627,10255.702453551225,10718.224492906176,11180.746532261128,11643.26857161608,12105.790610971037,12568.312650325988,13030.834689680942,13493.356729035895,13955.878768390849,14418.4008077458,15246.66066661026,16074.92052547472,16903.180384339183,17731.44024320364,18559.700102068105,19387.95996093256,20216.21981979702,21044.47967866148,21872.739537525944,22700.9993963904
33.0,7.0,96120.1390755171,95057.14023336316,93994.14139120924,92931.14254905532,91868.14370690138,90805.14486474745,89742.14602259353,88679.1471804396,87616.14833828567,86553.14949613174,85490.1506539778,84458.46107381037,83426.77149364293,82395.08191347549,81363.39233330805,80331.7027531406,79300.01317297317,78268.32359280573,77236.63401263829,76204.94443247085,75173.2548523034,74301.86253430312,73430.47021630283,72559.07789830254,71687.68558030225,70816.29326230194,69944.90094430165,69073.50862630137,68202.11630830108,67330.72399030079,66459.3316723005,65867.40912522751,65275.48657815452,64683.56403108153,64091.64148400853,63499.71893693555,62907.79638986256,62315.873842789566,61723.95129571658,61132.02874864359,60540.1062015706,59981.579480244895,59423.0527589192,58864.526037593496,58305.9993162678,57747.4725949421,57188.9458736164,56630.4191522907,56071.892430965,55513.3657096393,54954.8389883136
34.0,7.0,4980.22895539815,5056.883224440266,5133.537493482382,5210.191762524498,5286.846031566614,5363.50030060873,5440.154569650846,5516.808838692962,5593.463107735078,5670.117376777194,5746.77164581931,5928.882026143268,6110.992406467226,6293.102786791184,6475.213167115142,6657.3235474391,6839.433927763058,7021.544308087015,7203.654688410974,7385.765068734932,7567.87544905889,7843.372893991951,8118.870338925012,8394.367783858073,8669.865228791134,8945.362673724196,9220.860118657256,9496.357563590318,9771.855008523378,10047.35245345644,10322.8498983895,10616.54079017546,10910.23168196142,11203.92257374738,11497.61346553334,11791.3043573193,12084.99524910526,12378.68614089122,12672.37703267718,12966.06792446314,13259.7588162491,14172.91847060599,15086.07812496288,15999.23777931977,16912.39743367666,17825.55708803355,18738.71674239044,19651.876396747328,20565.03605110422,21478.195705461112,22391.355359818
35.0,7.0,1068.89974129704,1088.336316918313,1107.772892539586,1127.209468160859,1146.646043782132,1166.082619403405,1185.519195024678,1204.9557706459511,1224.392346267224,1243.828921888497,1263.26549750977,1298.54202192631,1333.81854634285,1369.09507075939,1404.37159517593,1439.64811959247,1474.92464400901,1510.20116842555,1545.4776928420902,1580.75421725863,1616.03074167517,1684.0422715296431,1752.053801384116,1820.065331238589,1888.076861093062,1956.0883909475351,2024.099920802008,2092.111450656481,2160.122980510954,2228.134510365427,2296.1460402199,2376.769591474154,2457.393142728408,2538.016693982662,2618.640245236916,2699.26379649117,2779.887347745424,2860.510898999678,2941.1344502539323,3021.758001508186,3102.38155276244,3298.606270191155,3494.83098761987,3691.055705048585,3887.280422477301,4083.5051399060153,4279.729857334731,4475.954574763446,4672.179292192161,4868.404009620876,5064.62872704959
45.0,7.0,23.6059466092508,49.26659142891282,74.92723624857484,100.58788106823684,126.24852588789886,151.9091707075609,177.5698155272229,203.2304603468849,228.8911051665469,254.55174998620896,280.212394805871,329.0736497038706,377.9349046018702,426.7961594998698,475.6574143978694,524.518669295869,573.3799241938686,622.2411790918682,671.1024339898679,719.9636888878674,768.824943785867,801.0013610629463,833.1777783400256,865.3541956171049,897.5306128941843,929.7070301712636,961.8834474483428,994.059864725422,1026.2362820025014,1058.4126992795807,1090.58911655666,1154.89967319816,1219.21022983966,1283.52078648116,1347.83134312266,1412.14189976416,1476.45245640566,1540.76301304716,1605.07356968866,1669.38412633016,1733.69468297166,1739.309744246982,1744.924805522304,1750.539866797626,1756.154928072948,1761.76998934827,1767.3850506235922,1773.0001118989142,1778.615173174236,1784.230234449558,1789.84529572488
46.0,7.0,193.7353608247,205.1945213667807,216.6536819088614,228.11284245094208,239.5720029930228,251.03116353510347,262.4903240771842,273.9494846192649,285.4086451613456,296.86780570342626,308.326966245507,331.7779127960363,355.2288593465656,378.67980589709487,402.1307524476242,425.5816989981535,449.0326455486828,472.4835920992121,495.9345386497414,519.3854852002708,542.8364317508,555.559540014139,568.282648277478,581.005756540817,593.7288648041559,606.4519730674949,619.175081330834,631.898189594173,644.621297857512,657.344406120851,670.06751438419,687.7609116904293,705.4543089966687,723.1477063029082,740.8411036091476,758.534500915387,776.2278982216263,793.9212955278657,811.6146928341052,829.3080901403446,847.001487446584,886.3942496501935,925.7870118538032,965.1797740574128,1004.5725362610224,1043.9652984646318,1083.3580606682417,1122.7508228718511,1162.1435850754606,1201.5363472790702,1240.92910948268
47.0,7.0,17262.1336324509,17403.96767031628,17545.801708181658,17687.63574604704,17829.46978391242,17971.3038217778,18113.13785964318,18254.97189750856,18396.80593537394,18538.63997323932,18680.4740111047,19338.23283431255,19995.9916575204,20653.75048072825,21311.5093039361,21969.26812714395,22627.0269503518,23284.78577355965,23942.5445967675,24600.303419975357,25258.0622431832,26000.7784340164,26743.4946248496,27486.210815682804,28228.927006516,28971.6431973492,29714.3593881824,30457.075579015604,31199.7917698488,31942.507960682,32685.2241515152,34062.98467089827,35440.74519028134,36818.50570966441,38196.26622904749,39574.02674843055,40951.78726781362,42329.54778719669,43707.30830657976,45085.06882596283,46462.8293453459,47029.1786482162,47595.5279510865,48161.8772539568,48728.226556827096,49294.5758596974,49860.9251625677,50427.274465438,50993.623768308295,51559.9730711786,52126.3223740489
48.0,7.0,767.461437859859,776.4343569482911,785.4072760367231,794.3801951251553,803.3531142135873,812.3260333020195,821.2989523904516,830.2718714788837,839.2447905673158,848.2177096557479,857.19062874418,875.594160950476,893.997693156772,912.401225363068,930.804757569364,949.20828977566,967.611821981956,986.015354188252,1004.418886394548,1022.822418600844,1041.22595080714,1069.016369553437,1096.806788299734,1124.597207046031,1152.387625792328,1180.1780445386248,1207.968463284922,1235.758882031219,1263.549300777516,1291.3397195238128,1319.13013827011,1387.091004247712,1455.051870225314,1523.012736202916,1590.973602180518,1658.93446815812,1726.895334135722,1794.856200113324,1862.817066090926,1930.777932068528,1998.73879804613,2096.9481070183247,2195.15741599052,2293.366724962715,2391.57603393491,2489.7853429071047,2587.9946518793,2686.203960851495,2784.41326982369,2882.6225787958847,2980.83188776808
49.0,7.0,0.0,0.0,0.0,0.0,0.0,0.0,0.0,0.0,0.0,0.0,0.0,0.0,0.0,0.0,0.0,0.0,0.0,0.0,0.0,0.0,0.0,0.0,0.0,0.0,0.0,0.0,0.0,0.0,0.0,0.0,0.0,0.0,0.0,0.0,0.0,0.0,0.0,0.0,0.0,0.0,0.0,0.0902417723065752,0.1804835446131504,0.2707253169197255,0.3609670892263008,0.451208861532876,0.5414506338394511,0.6316924061460264,0.7219341784526015,0.8121759507591767,0.902417723065752
56.0,7.0,971.708494333441,1055.140156217633,1138.5718181018249,1222.0034799860168,1305.4351418702086,1388.8668037544005,1472.2984656385925,1555.7301275227842,1639.1617894069764,1722.593451291168,1806.02511317536,1848.608041987394,1891.190970799428,1933.773899611462,1976.356828423496,2018.93975723553,2061.522686047564,2104.105614859598,2146.688543671632,2189.271472483666,2231.8544012957,2282.390626319506,2332.926851343312,2383.463076367118,2433.999301390924,2484.53552641473,2535.071751438536,2585.607976462342,2636.144201486148,2686.680426509954,2737.21665153376,2781.336908645502,2825.457165757244,2869.577422868986,2913.697679980728,2957.81793709247,3001.938194204212,3046.058451315954,3090.178708427696,3134.298965539438,3178.41922265118,3356.496258822693,3534.5732949942058,3712.650331165719,3890.727367337232,4068.804403508745,4246.881439680257,4424.95847585177,4603.035512023283,4781.112548194797,4959.18958436631
57.0,7.0,120.284243358446,140.6126932037667,160.9411430490874,181.2695928944081,201.5980427397288,221.92649258504952,242.2549424303702,262.58339227569087,282.9118421210116,303.2402919663323,323.568741811653,347.1584335681859,370.7481253247188,394.3378170812517,417.9275088377846,441.5172005943175,465.1068923508504,488.6965841073833,512.2862758639162,535.875967620449,559.465659376982,617.9259387611057,676.3862181452296,734.8464975293534,793.3067769134772,851.7670562976009,910.2273356817248,968.6876150658486,1027.1478944499722,1085.6081738340963,1144.06845321822,1189.78169148381,1235.4949297494,1281.20816801499,1326.92140628058,1372.63464454617,1418.34788281176,1464.06112107735,1509.77435934294,1555.48759760853,1601.20083587412,1707.204853622193,1813.208871370266,1919.212889118339,2025.216906866412,2131.220924614485,2237.224942362558,2343.2289601106318,2449.232977858704,2555.236995606777,2661.24101335485
59.0,7.0,350.148367539488,404.5375892807998,458.9268110221116,513.3160327634234,567.7052545047352,622.094476246047,676.4836979873587,730.8729197286706,785.2621414699825,839.6513632112942,894.040584952606,902.0299023486252,910.0192197446446,918.008537140664,925.9978545366832,933.9871719327024,941.9764893287218,949.9658067247412,957.9551241207604,965.9444415167798,973.933758912799,1000.997302382458,1028.0608458521172,1055.1243893217763,1082.1879327914353,1109.2514762610945,1136.3150197307536,1163.3785632004126,1190.4421066700718,1217.5056501397307,1244.56919360939,1253.084988863423,1261.600784117456,1270.116579371489,1278.632374625522,1287.148169879555,1295.663965133588,1304.179760387621,1312.695555641654,1321.211350895687,1329.72714614972,1417.029928511668,1504.3327108736162,1591.635493235564,1678.938275597512,1766.2410579594602,1853.543840321408,1940.846622683356,2028.1494050453043,2115.4521874072525,2202.7549697692
109.0,7.0,0.0,0.0,0.0,0.0,0.0,0.0,0.0,0.0,0.0,0.0,0.0,0.692000620998731,1.384001241997462,2.0760018629961934,2.768002483994924,3.460003104993655,4.152003725992387,4.844004346991118,5.536004967989848,6.228005588988579,6.92000620998731,8.470717851013259,10.021429492039209,11.572141133065156,13.122852774091106,14.673564415117054,16.224276056143005,17.774987697168953,19.3256993381949,20.87641097922085,22.4271226202468,38.81134952446932,55.19557642869184,71.57980333291437,87.96403023713688,104.3482571413594,120.73248404558194,137.11671094980446,153.50093785402697,169.8851647582495,186.269391662472,245.1992394507004,304.12908723892883,363.0589350271572,421.9887828153856,480.918630603614,539.8484783918424,598.7783261800707,657.7081739682992,716.6380217565276,775.567869544756
110.0,7.0,0.0,0.0,0.0,0.0,0.0,0.0,0.0,0.0,0.0,0.0,0.0,0.0,0.0,0.0,0.0,0.0,0.0,0.0,0.0,0.0,0.0,0.0,0.0,0.0,0.0,0.0,0.0,0.0,0.0,0.0,0.0,0.0,0.0,0.0,0.0,0.0,0.0,0.0,0.0,0.0,0.0,0.0,0.0,0.0,0.0,0.0,0.0,0.0,0.0,0.0,0.0
112.0,7.0,89.8440383319506,94.00149864165974,98.15895895136887,102.316419261078,106.47387957078716,110.6313398804963,114.78880019020544,118.94626049991456,123.10372080962372,127.26118111933286,131.418641429042,156.8863125569655,182.353983684889,207.8216548128125,233.289325940736,258.7569970686596,284.224668196583,309.6923393245065,335.16001045243,360.6276815803535,386.095352708277,415.3871062986229,444.6788598889688,473.9706134793147,503.2623670696606,532.5541206600064,561.8458742503524,591.1376278406983,620.4293814310442,649.7211350213901,679.012888611736,751.8249405601985,824.6369925086608,897.4490444571231,970.2610964055856,1043.073148354048,1115.8852003025104,1188.6972522509727,1261.509304199435,1334.3213561478974,1407.13340809636,1532.922410475375,1658.71141285439,1784.500415233405,1910.28941761242,2036.078419991435,2161.86742237045,2287.6564247494653,2413.44542712848,2539.234429507495,2665.02343188651
116.0,7.0,2489.4550459822,2587.277618317364,2685.100190652528,2782.922762987692,2880.745335322856,2978.56790765802,3076.3904799931843,3174.213052328348,3272.035624663512,3369.858196998676,3467.68076933384,3544.072912980246,3620.465056626652,3696.857200273058,3773.249343919464,3849.64148756587,3926.033631212276,4002.425774858682,4078.817918505088,4155.210062151494,4231.6022057979,4467.221639097011,4702.8410723961215,4938.460505695233,5174.079938994344,5409.699372293455,5645.318805592566,5880.9382388916765,6116.557672190787,6352.177105489898,6587.79653878901,6664.996904946018,6742.197271103026,6819.397637260034,6896.598003417042,6973.7983695740495,7050.998735731058,7128.199101888066,7205.399468045074,7282.599834202082,7359.80020035909,7720.827456566611,8081.854712774132,8442.881968981652,8803.909225189174,9164.936481396697,9525.963737604216,9886.990993811736,10248.018250019257,10609.04550622678,10970.0727624343
117.0,7.0,3915.59854240561,3982.901864614291,4050.205186822972,4117.508509031653,4184.811831240334,4252.115153449015,4319.418475657696,4386.7217978663775,4454.025120075058,4521.328442283739,4588.63176449242,4711.712507820508,4834.793251148596,4957.873994476684,5080.954737804772,5204.03548113286,5327.116224460948,5450.1969677890365,5573.277711117124,5696.358454445212,5819.4391977733,5951.680679898807,6083.922162024314,6216.163644149821,6348.405126275328,6480.646608400835,6612.888090526342,6745.129572651849,6877.371054777356,7009.612536902863,7141.85401902837,7264.46859360689,7387.083168185411,7509.69774276393,7632.31231734245,7754.92689192097,7877.54146649949,8000.15604107801,8122.77061565653,8245.38519023505,8367.99976481357,8825.174931700672,9282.350098587776,9739.52526547488,10196.700432361982,10653.875599249084,11111.050766136188,11568.225933023292,12025.401099910394,12482.576266797496,12939.7514336846
118.0,7.0,2488.62419252938,2565.077447383392,2641.530702237404,2717.983957091416,2794.437211945428,2870.89046679944,2947.343721653452,3023.796976507464,3100.250231361476,3176.7034862154883,3253.1567410695,3415.5752932666883,3577.993845463876,3740.412397661064,3902.830949858252,4065.24950205544,4227.668054252628,4390.086606449816,4552.505158647004,4714.923710844192,4877.34226304138,4992.6805996107405,5108.018936180102,5223.357272749463,5338.695609318824,5454.0339458881845,5569.372282457546,5684.710619026907,5800.048955596268,5915.387292165629,6030.72562873499,6152.276626545997,6273.827624357004,6395.378622168011,6516.929619979018,6638.480617790025,6760.031615601032,6881.582613412039,7003.133611223046,7124.684609034053,7246.23560684506,7435.57615112423,7624.9166954034,7814.25723968257,8003.59778396174,8192.93832824091,8382.27887252008,8571.61941679925,8760.95996107842,8950.30050535759,9139.64104963676
135.0,7.0,2483.97324553435,2480.362513772186,2476.751782010022,2473.141050247858,2469.530318485694,2465.9195867235303,2462.3088549613663,2458.698123199202,2455.087391437038,2451.476659674874,2447.86592791271,2445.26715185573,2442.66837579875,2440.06959974177,2437.47082368479,2434.87204762781,2432.27327157083,2429.6744955138497,2427.07571945687,2424.47694339989,2421.87816734291,2493.628373613954,2565.3785798849976,2637.1287861560418,2708.878992427086,2780.6291986981296,2852.3794049691737,2924.129611240218,2995.879817511261,3067.6300237823057,3139.38023005335,3221.5080979360287,3303.635965818708,3385.763833701387,3467.891701584066,3550.019569466745,3632.147437349424,3714.275305232103,3796.403173114782,3878.531040997461,3960.65890888014,3982.925960678358,4005.193012476576,4027.460064274794,4049.727116073013,4071.9941678712303,4094.261219669448,4116.528271467666,4138.795323265885,4161.062375064103,4183.32942686232
136.0,7.0,0.0,0.0,0.0,0.0,0.0,0.0,0.0,0.0,0.0,0.0,0.0,0.0,0.0,0.0,0.0,0.0,0.0,0.0,0.0,0.0,0.0,1.18333327206685,2.3666665441337,3.549999816200549,4.7333330882674,5.91666636033425,7.099999632401099,8.28333290446795,9.4666661765348,10.64999944860165,11.8333327206685,14.25737924561277,16.68142577055704,19.105472295501308,21.52951882044558,23.953565345389848,26.37761187033412,28.801658395278388,31.22570492022266,33.64975144516693,36.0737979701112,46.12467507149808,56.17555217288496,66.22642927427184,76.27730637565872,86.3281834770456,96.37906057843249,106.42993767981936,116.48081478120623,126.53169188259312,136.58256898398
137.0,7.0,0.0,0.0,0.0,0.0,0.0,0.0,0.0,0.0,0.0,0.0,0.0,0.0,0.0,0.0,0.0,0.0,0.0,0.0,0.0,0.0,0.0,0.0,0.0,0.0,0.0,0.0,0.0,0.0,0.0,0.0,0.0,0.0,0.0,0.0,0.0,0.0,0.0,0.0,0.0,0.0,0.0,0.0,0.0,0.0,0.0,0.0,0.0,0.0,0.0,0.0,0.0
138.0,7.0,1251.29271435949,1279.185468369279,1307.078222379068,1334.970976388857,1362.863730398646,1390.756484408435,1418.6492384182238,1446.541992428013,1474.434746437802,1502.3275004475909,1530.22025445738,1571.60038940852,1612.98052435966,1654.3606593108,1695.74079426194,1737.12092921308,1778.50106416422,1819.88119911536,1861.2613340665,1902.64146901764,1944.02160396878,1996.468177220831,2048.914750472882,2101.361323724933,2153.807896976984,2206.254470229035,2258.7010434810863,2311.147616733137,2363.594189985188,2416.040763237239,2468.48733648929,2510.1054260540423,2551.723515618794,2593.341605183546,2634.959694748298,2676.57778431305,2718.195873877802,2759.813963442554,2801.432053007306,2843.0501425720577,2884.66823213681,2966.7078234756937,3048.747414814578,3130.787006153462,3212.826597492346,3294.86618883123,3376.9057801701138,3458.945371508998,3540.984962847882,3623.024554186766,3705.06414552565
139.0,7.0,909.056272428614,927.9679656947404,946.8796589608672,965.7913522269938,984.7030454931204,1003.614738759247,1022.5264320253737,1041.4381252915002,1060.3498185576268,1079.2615118237534,1098.17320508988,1143.668687576472,1189.164170063064,1234.659652549656,1280.155135036248,1325.65061752284,1371.1461000094318,1416.641582496024,1462.137064982616,1507.632547469208,1553.1280299558,1607.951317629969,1662.774605304138,1717.597892978307,1772.421180652476,1827.244468326645,1882.067756000814,1936.891043674983,1991.714331349152,2046.537619023321,2101.36090669749,2143.751271215093,2186.141635732696,2228.532000250299,2270.922364767902,2313.312729285505,2355.703093803108,2398.093458320711,2440.4838228383137,2482.874187355917,2525.26455187352,2600.121962621499,2674.979373369478,2749.836784117457,2824.694194865436,2899.5516056134147,2974.4090163613937,3049.266427109373,3124.123837857352,3198.981248605331,3273.83865935331
140.0,7.0,205.730446076733,212.868864709452,220.00728334217095,227.14570197489,234.284120607609,241.422539240328,248.560957873047,255.699376505766,262.837795138485,269.976213771204,277.114632403923,286.1614627067355,295.208293009548,304.25512331236047,313.301953615173,322.3487839179855,331.395614220798,340.4424445236105,349.48927482642296,358.53610512923547,367.582935432048,443.3413482274142,519.0997610227804,594.8581738181465,670.6165866135127,746.3749994088789,822.1334122042451,897.8918249996113,973.6502377949776,1049.4086505903438,1125.16706338571,1173.298827819918,1221.430592254126,1269.562356688334,1317.694121122542,1365.82588555675,1413.957649990958,1462.089414425166,1510.221178859374,1558.352943293582,1606.48470772779,1665.355516365246,1724.226325002702,1783.097133640158,1841.967942277614,1900.83875091507,1959.709559552526,2018.580368189982,2077.451176827438,2136.321985464894,2195.19279410235
141.0,7.0,15.1205891580541,15.48406146986827,15.84753378168244,16.21100609349661,16.574478405310778,16.93795071712495,17.30142302893912,17.66489534075329,18.02836765256746,18.391839964381628,18.7553122761958,33.48497011988172,48.21462796356764,62.94428580725355,77.67394365093948,92.4036014946254,107.1332593383113,121.86291718199725,136.59257502568315,151.3222328693691,166.051890713055,202.61515699163695,239.17842327021896,275.741689548801,312.30495582738297,348.86822210596495,385.4314883845469,421.99475466312896,458.5580209417109,495.1212872202929,531.684553498875,592.5317413822814,653.3789292656879,714.2261171490945,775.073305032501,835.9204929159075,896.767680799314,957.6148686827204,1018.4620565661272,1079.3092444495337,1140.15643233294,1206.002137832434,1271.847843331928,1337.693548831422,1403.539254330916,1469.38495983041,1535.230665329904,1601.076370829398,1666.922076328892,1732.767781828386,1798.61348732788
142.0,7.0,16.5040863895956,18.5717022079453,20.639318026295,22.7069338446447,24.7745496629944,26.8421654813441,28.9097812996938,30.9773971180435,33.0450129363932,35.1126287547429,37.1802445730926,48.36372575481974,59.547206936546885,70.73068811827403,81.91416930000116,93.0976504817283,104.28113166345544,115.4646128451826,126.64809402690972,137.83157520863688,149.015056390364,188.237059421058,227.459062451752,266.681065482446,305.90306851314006,345.125071543834,384.3470745745281,423.5690776052221,462.7910806359161,502.0130836666101,541.235086697304,605.9588201450076,670.6825535927112,735.4062870404149,800.1300204881185,864.853753935822,929.5774873835256,994.3012208312292,1059.024954278933,1123.7486877266365,1188.47242117434,1312.089088329488,1435.705755484636,1559.322422639784,1682.939089794932,1806.55575695008,1930.172424105228,2053.789091260376,2177.405758415524,2301.022425570672,2424.63909272582
143.0,7.0,0.0,0.0,0.0,0.0,0.0,0.0,0.0,0.0,0.0,0.0,0.0,0.0,0.0,0.0,0.0,0.0,0.0,0.0,0.0,0.0,0.0,0.0,0.0,0.0,0.0,0.0,0.0,0.0,0.0,0.0,0.0,1.02081848025868,2.04163696051736,3.06245544077604,4.08327392103472,5.1040924012934,6.124910881552079,7.145729361810759,8.16654784206944,9.18736632232812,10.2081848025868,19.63984880160022,29.07151280061364,38.503176799627056,47.93484079864048,57.3665047976539,66.79816879666731,76.22983279568074,85.66149679469416,95.09316079370758,104.524824792721
144.0,7.0,0.0,39.1407350510554,78.2814701021108,117.4222051531662,156.5629402042216,195.703675255277,234.8444103063324,273.9851453573878,313.1258804084432,352.2666154594986,391.407350510554,392.0745253505537,392.7417001905534,393.40887503055313,394.0760498705528,394.7432247105525,395.4103995505522,396.0775743905519,396.7447492305516,397.4119240705513,398.079098910551,436.1784933867993,474.2778878630476,512.3772823392959,550.4766768155442,588.5760712917925,626.6754657680408,664.7748602442891,702.8742547205375,740.9736491967857,779.073043673034,876.1840067228316,973.2949697726292,1070.4059328224268,1167.5168958722245,1264.627858922022,1361.7388219718196,1458.8497850216172,1555.9607480714149,1653.0717111212125,1750.18267417101,1838.132448082132,1926.0822219932536,2014.031995904376,2101.981769815498,2189.93154372662,2277.8813176377416,2365.831091548864,2453.7808654599858,2541.730639371108,2629.68041328223
145.0,7.0,0.0,0.0,0.0,0.0,0.0,0.0,0.0,0.0,0.0,0.0,0.0,0.0,0.0,0.0,0.0,0.0,0.0,0.0,0.0,0.0,0.0,0.0,0.0,0.0,0.0,0.0,0.0,0.0,0.0,0.0,0.0,0.0,0.0,0.0,0.0,0.0,0.0,0.0,0.0,0.0,0.0,0.0,0.0,0.0,0.0,0.0,0.0,0.0,0.0,0.0,0.0
146.0,7.0,0.0,0.0,0.0,0.0,0.0,0.0,0.0,0.0,0.0,0.0,0.0,0.0,0.0,0.0,0.0,0.0,0.0,0.0,0.0,0.0,0.0,0.0,0.0,0.0,0.0,0.0,0.0,0.0,0.0,0.0,0.0,0.0,0.0,0.0,0.0,0.0,0.0,0.0,0.0,0.0,0.0,0.0,0.0,0.0,0.0,0.0,0.0,0.0,0.0,0.0,0.0
148.0,7.0,0.0,0.0,0.0,0.0,0.0,0.0,0.0,0.0,0.0,0.0,0.0,0.0,0.0,0.0,0.0,0.0,0.0,0.0,0.0,0.0,0.0,0.4832058327483109,0.966411665496622,1.4496174982449328,1.932823330993244,2.416029163741555,2.8992349964898656,3.3824408292381767,3.865646661986488,4.348852494734799,4.83205832748311,6.69576984287828,8.559481358273448,10.42319287366862,12.286904389063784,14.150615904458956,16.014327419854126,17.878038935249293,19.741750450644464,21.605461966039638,23.4691734814348,49.64265252970132,75.81613157796784,101.98961062623437,128.1630896745009,154.33656872276742,180.51004777103392,206.68352681930045,232.85700586756695,259.0304849158335,285.2039639641
149.0,7.0,0.0,0.0,0.0,0.0,0.0,0.0,0.0,0.0,0.0,0.0,0.0,0.0,0.0,0.0,0.0,0.0,0.0,0.0,0.0,0.0,0.0,0.0,0.0,0.0,0.0,0.0,0.0,0.0,0.0,0.0,0.0,0.424078464284655,0.84815692856931,1.2722353928539651,1.69631385713862,2.120392321423275,2.5444707857079303,2.968549249992585,3.39262771427724,3.816706178561895,4.24078464284655,10.492817451126754,16.74485025940696,22.996883067687165,29.24891587596737,35.500948684247575,41.75298149252778,48.00501430080799,54.25704710908819,60.5090799173684,66.7611127256486
150.0,7.0,0.0,0.0,0.0,0.0,0.0,0.0,0.0,0.0,0.0,0.0,0.0,0.0,0.0,0.0,0.0,0.0,0.0,0.0,0.0,0.0,0.0,0.6959323224724769,1.391864644944954,2.0877969674174306,2.783729289889908,3.479661612362385,4.175593934834861,4.871526257307338,5.567458579779816,6.263390902252293,6.95932322472477,16.696981896102592,26.43464056748041,36.17229923885824,45.90995791023606,55.64761658161388,65.3852752529917,75.12293392436952,84.86059259574735,94.59825126712518,104.335909938503,139.4737242518935,174.61153856528398,209.7493528786745,244.887167192065,280.02498150545546,315.162795818846,350.3006101322365,385.438424445627,420.5762387590175,455.714053072408
153.0,7.0,0.0,0.0,0.0,0.0,0.0,0.0,0.0,0.0,0.0,0.0,0.0,0.0,0.0,0.0,0.0,0.0,0.0,0.0,0.0,0.0,0.0,0.0,0.0,0.0,0.0,0.0,0.0,0.0,0.0,0.0,0.0,3.59564946341713,7.19129892683426,10.78694839025139,14.38259785366852,17.97824731708565,21.57389678050278,25.16954624391991,28.76519570733704,32.36084517075417,35.9564946341713,55.64969960589937,75.34290457762745,95.03610954935552,114.72931452108358,134.42251949281166,154.11572446453974,173.8089294362678,193.50213440799587,213.19533937972395,232.88854435145203
157.0,7.0,1478.02980589231,1522.612344579426,1567.194883266542,1611.777421953658,1656.359960640774,1700.94249932789,1745.525038015006,1790.107576702122,1834.690115389238,1879.272654076354,1923.85519276347,1972.178658787042,2020.502124810614,2068.825590834186,2117.1490568577583,2165.47252288133,2213.795988904902,2262.119454928474,2310.442920952046,2358.766386975618,2407.08985299919,2409.1526467571302,2411.21544051507,2413.27823427301,2415.34102803095,2417.40382178889,2419.4666155468303,2421.52940930477,2423.5922030627103,2425.65499682065,2427.71779057859,2428.916581473245,2430.1153723679004,2431.314163262555,2432.51295415721,2433.7117450518654,2434.91053594652,2436.109326841175,2437.30811773583,2438.506908630485,2439.70569952514,2467.554851015792,2495.404002506444,2523.253153997096,2551.1023054877483,2578.9514569784,2606.800608469052,2634.649759959704,2662.498911450356,2690.3480629410083,2718.19721443166
158.0,7.0,1159.05679325895,1163.740811917714,1168.424830576478,1173.108849235242,1177.792867894006,1182.47688655277,1187.160905211534,1191.844923870298,1196.528942529062,1201.212961187826,1205.89697984659,1203.399327864319,1200.901675882048,1198.404023899777,1195.906371917506,1193.408719935235,1190.911067952964,1188.413415970693,1185.915763988422,1183.418112006151,1180.92046002388,1269.932686568386,1358.944913112892,1447.957139657398,1536.969366201904,1625.98159274641,1714.9938192909158,1804.006045835422,1893.018272379928,1982.0304989244337,2071.04272546894,2085.539429161047,2100.036132853154,2114.532836545261,2129.029540237368,2143.5262439294747,2158.022947621582,2172.519651313689,2187.016355005796,2201.513058697903,2216.00976239001,2263.514651147317,2311.0195399046243,2358.524428661931,2406.029317419238,2453.534206176545,2501.039094933852,2548.543983691159,2596.0488724484658,2643.553761205773,2691.05864996308
160.0,7.0,4960.36129790787,5063.897636778827,5167.433975649784,5270.97031452074,5374.506653391698,5478.042992262655,5581.579331133612,5685.1156700045685,5788.652008875526,5892.188347746484,5995.72468661744,6122.303799876458,6248.882913135476,6375.462026394494,6502.041139653512,6628.620252912529,6755.199366171548,6881.778479430566,7008.357592689584,7134.936705948601,7261.51581920762,7371.00662841851,7480.497437629401,7589.988246840293,7699.479056051184,7808.969865262075,7918.460674472965,8027.951483683856,8137.442292894748,8246.933102105639,8356.42391131653,8582.217772992346,8808.011634668164,9033.80549634398,9259.599358019796,9485.393219695616,9711.187081371432,9936.980943047249,10162.774804723063,10388.568666398884,10614.3625280747,10859.81943724186,11105.27634640902,11350.73325557618,11596.19016474334,11841.6470739105,12087.10398307766,12332.56089224482,12578.01780141198,12823.47471057914,13068.9316197463
161.0,7.0,2028.60271474554,2097.931375026162,2167.260035306784,2236.588695587406,2305.917355868028,2375.24601614865,2444.574676429272,2513.903336709894,2583.231996990516,2652.560657271138,2721.88931755176,2773.513884028694,2825.138450505628,2876.763016982562,2928.387583459496,2980.01214993643,3031.636716413364,3083.261282890298,3134.885849367232,3186.510415844166,3238.1349823211,3314.089197252116,3390.043412183132,3465.997627114148,3541.951842045164,3617.90605697618,3693.860271907196,3769.814486838212,3845.768701769228,3921.722916700244,3997.67713163126,4106.863293504967,4216.049455378674,4325.235617252381,4434.421779126088,4543.607940999795,4652.794102873502,4761.980264747209,4871.166426620915,4980.352588494623,5089.53875036833,5228.70712347553,5367.875496582732,5507.043869689933,5646.2122427971335,5785.380615904334,5924.548989011536,6063.717362118737,6202.885735225938,6342.054108333139,6481.22248144034
162.0,7.0,2297.23533267628,2340.79148135686,2384.34763003744,2427.90377871802,2471.4599273986,2515.01607607918,2558.57222475976,2602.12837344034,2645.68452212092,2689.2406708015,2732.79681948208,2809.528483034507,2886.260146586934,2962.991810139361,3039.723473691788,3116.4551372442147,3193.186800796642,3269.918464349069,3346.650127901496,3423.3817914539227,3500.11345500635,3565.226276874092,3630.339098741834,3695.451920609576,3760.564742477318,3825.67756434506,3890.7903862128014,3955.903208080544,4021.0160299482864,4086.128851816028,4151.24167368377,4181.665963528125,4212.09025337248,4242.514543216836,4272.93883306119,4303.3631229055445,4333.7874127499,4364.211702594255,4394.63599243861,4425.060282282964,4455.48457212732,4700.592739110788,4945.700906094256,5190.809073077724,5435.917240061192,5681.02540704466,5926.133574028128,6171.241741011596,6416.349907995064,6661.458074978533,6906.566241962
163.0,7.0,1040.65735259293,1062.272918633051,1083.888484673172,1105.504050713293,1127.119616753414,1148.735182793535,1170.350748833656,1191.966314873777,1213.581880913898,1235.1974469540191,1256.81301299414,1287.641818567712,1318.470624141284,1349.299429714856,1380.128235288428,1410.957040862,1441.785846435572,1472.614652009144,1503.4434575827158,1534.272263156288,1565.10106872986,1623.072673914403,1681.044279098946,1739.015884283489,1796.987489468032,1854.959094652575,1912.930699837118,1970.902305021661,2028.873910206204,2086.845515390747,2144.81712057529,2194.5821537658203,2244.34718695635,2294.11222014688,2343.87725333741,2393.64228652794,2443.40731971847,2493.172352909,2542.93738609953,2592.70241929006,2642.46745248059,2749.209452972305,2855.95145346402,2962.693453955735,3069.43545444745,3176.177454939165,3282.91945543088,3389.661455922595,3496.4034564143103,3603.145456906025,3709.88745739774
164.0,7.0,0.0,0.0,0.0,0.0,0.0,0.0,0.0,0.0,0.0,0.0,0.0,0.0,0.0,0.0,0.0,0.0,0.0,0.0,0.0,0.0,0.0,0.0,0.0,0.0,0.0,0.0,0.0,0.0,0.0,0.0,0.0,0.0,0.0,0.0,0.0,0.0,0.0,0.0,0.0,0.0,0.0,0.0,0.0,0.0,0.0,0.0,0.0,0.0,0.0,0.0,0.0
165.0,7.0,7.52182524652688,7.989500002593951,8.457174758661024,8.924849514728095,9.392524270795167,9.86019902686224,10.327873782929313,10.795548538996384,11.263223295063456,11.730898051130527,12.1985728071976,11.85333063036586,11.508088453534118,11.162846276702377,10.817604099870636,10.472361923038896,10.127119746207152,9.781877569375414,9.436635392543671,9.091393215711932,8.74615103888019,8.812960113688183,8.879769188496175,8.946578263304167,9.01338733811216,9.08019641292015,9.147005487728142,9.213814562536134,9.280623637344126,9.347432712152118,9.41424178696011,9.476264533880348,9.538287280800589,9.600310027720829,9.662332774641069,9.724355521561304,9.786378268481544,9.848401015401784,9.910423762322022,9.972446509242262,10.0344692561625,11.164391435014531,12.29431361386656,13.42423579271859,14.55415797157062,15.684080150422652,16.814002329274683,17.943924508126713,19.07384668697874,20.20376886583077,21.3336910446828
167.0,7.0,4489.87983042584,4584.777520382047,4679.675210338254,4774.572900294461,4869.470590250668,4964.368280206874,5059.265970163082,5154.163660119289,5249.061350075495,5343.959040031703,5438.85672998791,5557.980988888608,5677.105247789308,5796.229506690007,5915.353765590706,6034.478024491405,6153.602283392104,6272.726542292803,6391.850801193502,6510.975060094202,6630.0993189949,6768.223839270935,6906.348359546971,7044.472879823005,7182.59740009904,7320.721920375076,7458.84644065111,7596.970960927145,7735.09548120318,7873.220001479215,8011.34452175525,8125.936954385212,8240.529387015175,8355.121819645135,8469.714252275098,8584.30668490506,8698.899117535022,8813.491550164983,8928.083982794946,9042.676415424909,9157.26884805487,9368.730888348482,9580.192928642096,9791.654968935709,10003.11700922932,10214.579049522934,10426.041089816548,10637.50313011016,10848.965170403771,11060.427210697388,11271.889250991
168.0,7.0,16377.7088394005,16464.18608584921,16550.66333229792,16637.14057874663,16723.61782519534,16810.09507164405,16896.57231809276,16983.04956454147,17069.526810990177,17156.004057438888,17242.4813038876,17291.890126373008,17341.298948858417,17390.70777134383,17440.11659382924,17489.52541631465,17538.93423880006,17588.343061285468,17637.75188377088,17687.16070625629,17736.5695287417,18196.7872491095,18657.0049694773,19117.2226898451,19577.4404102129,20037.658130580698,20497.875850948494,20958.093571316294,21418.3112916841,21878.5290120519,22338.7467324197,21930.09014494149,21521.43355746328,21112.77696998507,20704.12038250686,20295.46379502865,19886.80720755044,19478.15062007223,19069.49403259402,18660.83744511581,18252.1808576376,19339.19567348324,20426.21048932888,21513.22530517452,22600.24012102016,23687.2549368658,24774.26975271144,25861.28456855708,26948.29938440272,28035.31420024836,29122.329016094
171.0,7.0,3365.65105174321,3420.251384972018,3474.851718200826,3529.4520514296337,3584.052384658442,3638.65271788725,3693.253051116058,3747.853384344866,3802.453717573674,3857.0540508024815,3911.65438403129,3947.999462301884,3984.3445405724783,4020.689618843072,4057.0346971136655,4093.37977538426,4129.724853654854,4166.069931925448,4202.415010196042,4238.760088466636,4275.10516673723,4327.980163535515,4380.8551603338,4433.730157132085,4486.60515393037,4539.480150728656,4592.3551475269405,4645.230144325225,4698.10514112351,4750.980137921795,4803.85513472008,4817.450764744621,4831.046394769162,4844.642024793703,4858.237654818244,4871.833284842785,4885.428914867326,4899.024544891867,4912.620174916407,4926.215804940949,4939.81143496549,5278.80410380567,5617.79677264585,5956.789441486029,6295.7821103262095,6634.77477916639,6973.76744800657,7312.76011684675,7651.752785686929,7990.74545452711,8329.73812336729
172.0,7.0,961.050829744236,965.3682998091754,969.6857698741148,974.0032399390542,978.3207100039936,982.638180068933,986.9556501338724,991.273120198812,995.5905902637512,999.9080603286908,1004.22553039363,1002.162961496452,1000.1003925992738,998.0378237020956,995.9752548049177,993.9126859077396,991.8501170105612,989.7875481133832,987.7249792162052,985.6624103190272,983.599841421849,1057.507271947757,1131.414702473665,1205.3221329995731,1279.2295635254814,1353.1369940513896,1427.0444245772976,1500.9518551032056,1574.859285629114,1648.766716155022,1722.67414668093,1734.8811671609851,1747.08818764104,1759.2952081210951,1771.50222860115,1783.7092490812051,1795.91626956126,1808.123290041315,1820.33031052137,1832.537331001425,1844.74435148148,1884.534477104914,1924.324602728348,1964.1147283517817,2003.904853975216,2043.69497959865,2083.485105222084,2123.275230845518,2163.065356468952,2202.855482092386,2242.64560771582
173.0,7.0,28.5639669550286,29.33625958709733,30.10855221916606,30.88084485123479,31.65313748330352,32.42543011537225,33.19772274744098,33.97001537950971,34.74230801157844,35.51460064364717,36.2868932757159,36.88723981015503,37.48758634459416,38.08793287903329,38.688279413472415,39.28862594791155,39.88897248235068,40.48931901678981,41.08966555122894,41.69001208566807,42.2903586201072,66.61771516315628,90.94507170620535,115.27242824925445,139.59978479230352,163.9271413353526,188.2544978784017,212.5818544214508,236.90921096449983,261.2365675075489,285.563924050598,285.9822587542253,286.4005934578526,286.8189281614799,287.2372628651072,287.6555975687345,288.07393227236184,288.49226697598914,288.91060167961643,289.32893638324373,289.747271086871,372.7843877826389,455.8215044784069,538.8586211741747,621.8957378699426,704.9328545657105,787.9699712614783,871.0070879572463,954.0442046530142,1037.081321348782,1120.11843804455
175.0,7.0,2289.76150186372,2347.6985231832336,2405.635544502748,2463.572565822262,2521.509587141776,2579.44660846129,2637.383629780804,2695.320651100318,2753.257672419832,2811.1946937393463,2869.13171505886,2928.357769496544,2987.583823934226,3046.809878371909,3106.035932809592,3165.261987247275,3224.4880416849583,3283.714096122641,3342.940150560324,3402.166204998007,3461.39225943569,3540.715080536672,3620.037901637654,3699.360722738636,3778.6835438396174,3858.0063649406,3937.329186041582,4016.652007142564,4095.974828243546,4175.2976493445285,4254.62047044551,4332.825659464361,4411.03084848321,4489.23603750206,4567.44122652091,4645.646415539761,4723.85160455861,4802.05679357746,4880.26198259631,4958.467171615161,5036.67236063401,5138.775818829956,5240.879277025902,5342.982735221848,5445.086193417794,5547.18965161374,5649.293109809686,5751.396568005632,5853.500026201577,5955.603484397524,6057.70694259347
176.0,7.0,7.58262318253211,10.04183506165802,12.501046940783928,14.960258819909836,17.419470699035745,19.87868257816165,22.33789445728756,24.79710633641347,27.25631821553938,29.71553009466529,32.1747419737912,33.14133979737334,34.10793762095548,35.07453544453762,36.04113326811976,37.0077310917019,37.97432891528404,38.94092673886618,39.90752456244832,40.87412238603046,41.8407202096126,58.32426820379114,74.80781619796969,91.29136419214822,107.77491218632676,124.25846018050532,140.74200817468386,157.2255561688624,173.70910416304093,190.19265215721947,206.676200151398,223.0466529925555,239.417105833713,255.7875586748705,272.158011516028,288.5284643571855,304.898917198343,321.2693700395005,337.639822880658,354.01027572181545,370.380728562973,449.1332480778557,527.8857675927384,606.6382871076211,685.3908066225038,764.1433261373865,842.8958456522691,921.6483651671518,1000.4008846820344,1079.153404196917,1157.9059237118
177.0,7.0,0.0,0.0,0.0,0.0,0.0,0.0,0.0,0.0,0.0,0.0,0.0,0.0,0.0,0.0,0.0,0.0,0.0,0.0,0.0,0.0,0.0,0.0,0.0,0.0,0.0,0.0,0.0,0.0,0.0,0.0,0.0,0.0,0.0,0.0,0.0,0.0,0.0,0.0,0.0,0.0,0.0,0.0,0.0,0.0,0.0,0.0,0.0,0.0,0.0,0.0,0.0
178.0,7.0,62812.3837411464,62393.46053845959,61974.53733577278,61555.61413308597,61136.69093039916,60717.76772771234,60298.84452502554,59879.92132233873,59460.99811965192,59042.07491696511,58623.1517142783,58085.01257176145,57546.8734292446,57008.73428672775,56470.5951442109,55932.45600169405,55394.3168591772,54856.17771666035,54318.0385741435,53779.89943162665,53241.7602891098,54138.13490906545,55034.5095290211,55930.88414897675,56827.2587689324,57723.63338888805,58620.0080088437,59516.38262879935,60412.757248755,61309.131868710654,62205.5064886663,62921.0223876663,63636.5382866663,64352.054185666304,65067.5700846663,65783.0859836663,66498.6018826663,67214.1177816663,67929.6336806663,68645.1495796663,69360.6654786663,69555.44795175591,69750.23042484552,69945.01289793513,70139.79537102474,70334.57784411435,70529.36031720396,70724.14279029357,70918.92526338318,71113.70773647279,71308.4902095624
179.0,7.0,87129.7945726448,87005.04123315605,86880.2878936673,86755.53455417855,86630.78121468979,86506.02787520105,86381.2745357123,86256.52119622355,86131.7678567348,86007.01451724605,85882.2611777573,86394.50104234656,86906.74090693583,87418.98077152508,87931.22063611435,88443.4605007036,88955.70036529285,89467.94022988212,89980.18009447138,90492.41995906064,91004.6598236499,90526.43565073406,90048.21147781821,89569.98730490237,89091.76313198653,88613.53895907069,88135.31478615486,87657.09061323902,87178.86644032318,86700.64226740734,86222.4180944915,85935.8273199154,85649.2365453393,85362.64577076319,85076.0549961871,84789.46422161101,84502.8734470349,84216.2826724588,83929.6918978827,83643.10112330661,83356.5103487305,82493.61164595716,81630.71294318383,80767.81424041049,79904.91553763715,79042.01683486381,78179.11813209046,77316.21942931712,76453.32072654378,75590.42202377044,74727.5233209971
180.0,7.0,33130.2313227476,33300.312386195656,33470.393449643714,33640.47451309178,33810.55557653984,33980.6366399879,34150.71770343596,34320.798766884014,34490.87983033208,34660.96089378014,34831.0419572282,35287.2727057494,35743.5034542706,36199.7342027918,36655.964951313,37112.1956998342,37568.4264483554,38024.6571968766,38480.8879453978,38937.118693919,39393.3494424402,39575.4487143271,39757.547986214,39939.6472581009,40121.7465299878,40303.845801874704,40485.9450737616,40668.0443456485,40850.1436175354,41032.2428894223,41214.3421613092,41175.80555987707,41137.26895844494,41098.73235701281,41060.19575558068,41021.65915414856,40983.12255271642,40944.58595128429,40906.04934985216,40867.51274842004,40828.9761469879,42205.49962136158,43582.02309573526,44958.54657010894,46335.07004448262,47711.5935188563,49088.11699322998,50464.64046760366,51841.16394197734,53217.68741635102,54594.2108907247
181.0,7.0,119719.4045381,118359.0418828079,116998.6792275158,115638.3165722237,114277.9539169316,112917.59126163948,111557.2286063474,110196.8659510553,108836.5032957632,107476.1406404711,106115.777985179,104777.2255595259,103438.6731338728,102100.12070821972,100761.56828256664,99423.01585691355,98084.46343126046,96745.91100560736,95407.35857995428,94068.8061543012,92730.2537286481,91631.6453067314,90533.03688481468,89434.42846289797,88335.82004098126,87237.21161906455,86138.60319714784,85039.99477523113,83941.38635331442,82842.77793139771,81744.169509481,81022.98922099333,80301.80893250566,79580.62864401798,78859.44835553032,78138.26806704265,77417.08777855498,76695.90749006731,75974.72720157963,75253.54691309197,74532.3666246043,73867.1610139102,73201.9554032161,72536.749792522,71871.54418182789,71206.33857113379,70541.1329604397,69875.9273497456,69210.7217390515,68545.5161283574,67880.3105176633
182.0,7.0,135423.058794959,134443.85558915942,133464.65238335982,132485.44917756022,131506.2459717606,130527.042765961,129547.8395601614,128568.6363543618,127589.4331485622,126610.2299427626,125631.026736963,124876.6055569445,124122.184376926,123367.7631969075,122613.342016889,121858.9208368705,121104.499656852,120350.0784768335,119595.657296815,118841.2361167965,118086.814936778,116739.411407856,115392.007878934,114044.604350012,112697.20082109,111349.797292168,110002.393763246,108654.990234324,107307.586705402,105960.18317648,104612.779647558,103566.64014849848,102520.50064943898,101474.36115037948,100428.22165131995,99382.08215226044,98335.94265320094,97289.80315414142,96243.66365508192,95197.5241560224,94151.3846569629,94126.92496379236,94102.46527062183,94078.0055774513,94053.54588428076,94029.08619111024,94004.62649793972,93980.1668047692,93955.70711159866,93931.24741842812,93906.7877252576
183.0,7.0,63032.9887770392,63619.62650189441,64206.26422674962,64792.90195160483,65379.53967646004,65966.17740131525,66552.81512617046,67139.45285102566,67726.09057588088,68312.72830073608,68899.3660255913,69540.84905464709,70182.33208370287,70823.81511275868,71465.29814181446,72106.78117087025,72748.26419992604,73389.74722898183,74031.23025803763,74672.71328709341,75314.1963161492,75430.03648718601,75545.8766582228,75661.7168292596,75777.5570002964,75893.3971713332,76009.23734237,76125.0775134068,76240.9176844436,76356.75785548039,76472.5980265172,76772.27905573574,77071.96008495428,77371.64111417282,77671.32214339136,77971.0031726099,78270.68420182844,78570.36523104698,78870.04626026552,79169.72728948406,79469.4083187026,79749.77308275015,80030.13784679772,80310.50261084527,80590.86737489284,80871.2321389404,81151.59690298795,81431.96166703552,81712.32643108307,81992.69119513064,82273.0559591782
184.0,7.0,15061.2620788117,15447.97049220427,15834.67890559684,16221.387318989411,16608.095732381982,16994.80414577455,17381.51255916712,17768.22097255969,18154.92938595226,18541.63779934483,18928.3462127374,19386.44298777051,19844.53976280362,20302.63653783673,20760.73331286984,21218.83008790295,21676.92686293606,22135.02363796917,22593.12041300228,23051.21718803539,23509.3139630685,24322.27405064194,25135.23413821538,25948.19422578882,26761.154313362254,27574.1144009357,28387.07448850914,29200.03457608258,30012.99466365602,30825.95475122946,31638.9148388029,32759.41449562354,33879.91415244418,35000.41380926482,36120.91346608546,37241.4131229061,38361.91277972674,39482.412436547376,40602.91209336802,41723.41175018866,42843.9114070093,44799.87905338778,46755.84669976626,48711.81434614474,50667.78199252322,52623.7496389017,54579.71728528018,56535.68493165866,58491.652578037145,60447.62022441562,62403.5878707941
185.0,7.0,14321.0754340608,14613.15194215039,14905.22845023998,15197.30495832957,15489.38146641916,15781.45797450875,16073.53448259834,16365.61099068793,16657.68749877752,16949.76400686711,17241.8405149567,17888.73305019514,18535.62558543358,19182.51812067202,19829.41065591046,20476.3031911489,21123.19572638734,21770.08826162578,22416.98079686422,23063.87333210266,23710.7658673411,24648.177282784138,25585.58869822718,26523.00011367022,27460.411529113266,28397.8229445563,29335.23435999934,30272.645775442383,31210.05719088542,32147.46860632846,33084.8800217715,35313.21054837301,37541.54107497452,39769.87160157603,41998.20212817754,44226.53265477905,46454.86318138056,48683.19370798207,50911.52423458358,53139.85476118509,55368.1852877866,58874.981900102255,62381.77851241792,65888.57512473359,69395.37173704924,72902.1683493649,76408.96496168055,79915.76157399622,83422.55818631189,86929.35479862755,90436.1514109432
186.0,7.0,1441.5699163922,1471.3893971687,1501.2088779452,1531.0283587217,1560.8478394981998,1590.6673202747,1620.4868010512,1650.3062818277,1680.1257626042,1709.9452433806998,1739.7647241572,1777.0333744280208,1814.302024698842,1851.5706749696628,1888.839325240484,1926.1079755113049,1963.3766257821255,2000.6452760529469,2037.913926323768,2075.1825765945887,2112.45122686541,2170.536245807391,2228.621264749372,2286.706283691353,2344.791302633334,2402.876321575315,2460.961340517296,2519.046359459277,2577.131378401258,2635.216397343239,2693.30141628522,2753.460371330305,2813.61932637539,2873.778281420475,2933.93723646556,2994.096191510645,3054.25514655573,3114.414101600815,3174.5730566459,3234.732011690985,3294.89096673607,3496.1292914908827,3697.367616245696,3898.605941000509,4099.844265755322,4301.082590510135,4502.320915264948,4703.559240019761,4904.797564774573,5106.035889529387,5307.2742142842
187.0,7.0,30100.824002627,30429.92061489264,30759.01722715828,31088.11383942392,31417.21045168956,31746.3070639552,32075.40367622084,32404.50028848648,32733.59690075212,33062.69351301776,33391.7901252834,34114.90351361682,34838.016901950235,35561.13029028366,36284.24367861708,37007.3570669505,37730.47045528392,38453.583843617336,39176.69723195076,39899.81062028418,40622.9240086176,42079.10936311267,43535.29471760774,44991.480072102815,46447.66542659788,47903.85078109295,49360.03613558802,50816.221490083095,52272.40684457816,53728.59219907323,55184.7775535683,56836.430506992845,58488.08346041738,60139.73641384192,61791.389367266456,63443.042320691,65094.69527411554,66746.34822754007,68398.00118096461,70049.65413438916,71701.3070878137,73575.59676862259,75449.88644943149,77324.17613024039,79198.46581104929,81072.7554918582,82947.0451726671,84821.334853476,86695.6245342849,88569.9142150938,90444.2038959027
188.0,7.0,24855.9356161653,25403.29252081497,25950.64942546464,26498.00633011431,27045.36323476398,27592.72013941365,28140.07704406332,28687.43394871299,29234.79085336266,29782.14775801233,30329.504662662,30998.4402215958,31667.3757805296,32336.3113394634,33005.2468983972,33674.182457331,34343.1180162648,35012.053575198595,35680.9891341324,36349.9246930662,37018.860252,37926.43580492976,38834.01135785952,39741.58691078928,40649.16246371904,41556.7380166488,42464.31356957856,43371.88912250832,44279.46467543808,45187.04022836784,46094.6157812976,47687.58418962782,49280.55259795804,50873.52100628826,52466.48941461848,54059.4578229487,55652.42623127892,57245.39463960914,58838.36304793936,60431.33145626958,62024.2998645998,65181.32507658822,68338.35028857664,71495.37550056506,74652.40071255348,77809.4259245419,80966.45113653032,84123.47634851874,87280.50156050717,90437.52677249558,93594.551984484
189.0,7.0,2192.44581247014,2253.345452453523,2314.245092436906,2375.144732420289,2436.044372403672,2496.944012387055,2557.8436523704377,2618.743292353821,2679.642932337204,2740.5425723205867,2801.44221230397,2851.998631838942,2902.555051373914,2953.111470908886,3003.667890443858,3054.22430997883,3104.780729513802,3155.337149048774,3205.893568583746,3256.449988118718,3307.00640765369,3406.625271725874,3506.244135798058,3605.8629998702418,3705.481863942426,3805.10072801461,3904.719592086794,4004.338456158978,4103.957320231162,4203.576184303346,4303.19504837553,4518.014881373698,4732.834714371866,4947.6545473700335,5162.474380368202,5377.29421336637,5592.114046364538,5806.933879362706,6021.7537123608745,6236.573545359042,6451.39337835721,6762.102882357292,7072.812386357375,7383.521890357457,7694.231394357538,8004.94089835762,8315.650402357704,8626.359906357784,8937.069410357866,9247.778914357948,9558.48841835803
190.0,7.0,1982.10144208431,2027.33374988712,2072.56605768993,2117.79836549274,2163.03067329555,2208.26298109836,2253.49528890117,2298.72759670398,2343.95990450679,2389.1922123096,2434.42452011241,2502.394958331642,2570.365396550874,2638.335834770106,2706.306272989338,2774.2767112085703,2842.247149427802,2910.217587647034,2978.188025866266,3046.158464085498,3114.12890230473,3153.70716971434,3193.28543712395,3232.8637045335604,3272.4419719431703,3312.02023935278,3351.59850676239,3391.176774172,3430.7550415816104,3470.3333089912203,3509.91157640083,3593.882416485588,3677.853256570344,3761.824096655101,3845.794936739858,3929.765776824615,4013.736616909372,4097.707456994129,4181.678297078885,4265.649137163643,4349.6199772484,4605.495360470144,4861.370743691888,5117.246126913632,5373.121510135376,5628.99689335712,5884.872276578864,6140.747659800608,6396.623043022352,6652.498426244096,6908.37380946584
191.0,7.0,1425.65208144746,1489.537287892045,1553.42249433663,1617.307700781215,1681.1929072258,1745.078113670385,1808.96332011497,1872.848526559555,1936.73373300414,2000.618939448725,2064.50414589331,2143.150871639844,2221.797597386378,2300.4443231329124,2379.091048879446,2457.73777462598,2536.384500372514,2615.0312261190484,2693.677951865582,2772.324677612116,2850.97140335865,2961.205412858744,3071.4394223588383,3181.6734318589324,3291.907441359026,3402.14145085912,3512.3754603592142,3622.609469859308,3732.8434793594015,3843.077488859496,3953.31149835959,4091.439602134881,4229.567705910172,4367.695809685463,4505.823913460754,4643.952017236045,4782.080121011336,4920.208224786627,5058.336328561918,5196.464432337209,5334.5925361125,5514.967836680899,5695.343137249298,5875.718437817697,6056.093738386096,6236.469038954495,6416.844339522893,6597.219640091293,6777.594940659692,6957.97024122809,7138.34554179649
192.0,7.0,633.351248409838,647.177689694312,661.0041309787861,674.83057226326,688.657013547734,702.483454832208,716.309896116682,730.136337401156,743.9627786856299,757.789219970104,771.615661254578,814.0972649712412,856.5788686879043,899.0604724045676,941.5420761212308,984.023679837894,1026.505283554557,1068.9868872712204,1111.4684909878836,1153.9500947045467,1196.43169842121,1243.471645931503,1290.511593441796,1337.551540952089,1384.591488462382,1431.631435972675,1478.671383482968,1525.711330993261,1572.751278503554,1619.791226013847,1666.83117352414,1743.767819172583,1820.704464821026,1897.641110469469,1974.577756117912,2051.514401766355,2128.451047414798,2205.387693063241,2282.324338711684,2359.2609843601267,2436.19763000857,2525.052632704318,2613.907635400066,2702.7626380958136,2791.617640791562,2880.47264348731,2969.327646183058,3058.1826488788056,3147.037651574554,3235.892654270302,3324.74765696605
193.0,7.0,611.529865312607,636.9588550221548,662.3878447317028,687.8168344412506,713.2458241507986,738.6748138603465,764.1038035698944,789.5327932794423,814.9617829889902,840.3907726985382,865.819762408086,888.5978440818924,911.3759257556987,934.1540074295052,956.9320891033116,979.710170777118,1002.4882524509244,1025.2663341247307,1048.044415798537,1070.8224974723437,1093.60057914615,1142.817857814375,1192.0351364826,1241.252415150825,1290.46969381905,1339.686972487275,1388.9042511555,1438.121529823725,1487.3388084919502,1536.5560871601751,1585.7733658284,1654.328069643592,1722.882773458784,1791.437477273976,1859.992181089168,1928.54688490436,1997.101588719552,2065.656292534744,2134.210996349936,2202.765700165128,2271.32040398032,2381.9701862914458,2492.619968602572,2603.269750913698,2713.919533224824,2824.56931553595,2935.219097847076,3045.868880158202,3156.518662469328,3267.168444780454,3377.81822709158
194.0,7.0,15506.1473447426,16090.476092940007,16674.80484113742,17259.13358933483,17843.46233753224,18427.79108572965,19012.11983392706,19596.44858212447,20180.77733032188,20765.10607851929,21349.4348267167,22261.42632324043,23173.41781976416,24085.40931628789,24997.40081281162,25909.39230933535,26821.38380585908,27733.37530238281,28645.36679890654,29557.35829543027,30469.349791954,31969.53923961268,33469.72868727136,34969.91813493004,36470.10758258872,37970.2970302474,39470.48647790608,40970.67592556476,42470.86537322344,43971.05482088212,45471.2442685408,47193.144707274034,48915.04514600727,50636.94558474049,52358.84602347372,54080.74646220695,55802.64690094018,57524.547339673416,59246.44777840664,60968.34821713987,62690.2486558731,65527.045271330295,68363.84188678749,71200.63850224468,74037.43511770187,76874.23173315905,79711.02834861624,82547.82496407343,85384.62157953062,88221.41819498781,91058.214810445
195.0,7.0,20444.8144302151,21229.28185723135,22013.7492842476,22798.21671126385,23582.6841382801,24367.15156529635,25151.6189923126,25936.08641932885,26720.5538463451,27505.021273361348,28289.4887003776,29108.59693237664,29927.70516437568,30746.81339637472,31565.92162837376,32385.0298603728,33204.13809237184,34023.24632437088,34842.354556369915,35661.46278836896,36480.571020368,37868.90626803206,39257.24151569612,40645.57676336018,42033.91201102424,43422.2472586883,44810.582506352366,46198.91775401642,47587.25300168048,48975.58824934455,50363.9234970086,51921.17995887257,53478.43642073654,55035.69288260052,56592.94934446448,58150.20580632845,59707.46226819242,61264.7187300564,62821.97519192036,64379.23165378433,65936.4881156483,69584.28562744537,73232.08313924244,76879.88065103951,80527.67816283659,84175.47567463365,87823.27318643071,91471.0706982278,95118.86821002486,98766.66572182192,102414.463233619
196.0,7.0,970.846574052669,1003.5064972191292,1036.1664203855892,1068.8263435520494,1101.4862667185091,1134.1461898849695,1166.8061130514295,1199.4660362178895,1232.12595938435,1264.78588255081,1297.44580571727,1344.036443511198,1390.627081305126,1437.2177190990542,1483.808356892982,1530.39899468691,1576.989632480838,1623.580270274766,1670.1709080686942,1716.761545862622,1763.35218365655,1829.76988427399,1896.18758489143,1962.60528550887,2029.02298612631,2095.44068674375,2161.85838736119,2228.27608797863,2294.69378859607,2361.11148921351,2427.52918983095,2507.178827793134,2586.828465755318,2666.478103717502,2746.127741679686,2825.77737964187,2905.427017604054,2985.076655566238,3064.726293528422,3144.375931490606,3224.02556945279,3322.9368355289653,3421.84810160514,3520.759367681315,3619.67063375749,3718.5818998336654,3817.49316590984,3916.404431986015,4015.31569806219,4114.2269641383655,4213.13823021454
197.0,7.0,13688.958556294,14133.588893744409,14578.21923119482,15022.84956864523,15467.47990609564,15912.110243546049,16356.74058099646,16801.37091844687,17246.00125589728,17690.63159334769,18135.2619307981,18973.61406127812,19811.96619175814,20650.31832223816,21488.67045271818,22327.0225831982,23165.37471367822,24003.72684415824,24842.07897463826,25680.43110511828,26518.7832355983,27341.01577835309,28163.24832110788,28985.48086386267,29807.713406617466,30629.945949372253,31452.17849212704,32274.411034881832,33096.64357763662,33918.87612039141,34741.1086631462,36007.5964452126,37274.084227279,38540.5720093454,39807.05979141181,41073.5475734782,42340.035355544605,43606.523137611,44873.0109196774,46139.4987017438,47405.9864838102,50400.49405658722,53395.00162936424,56389.50920214126,59384.01677491828,62378.5243476953,65373.03192047232,68367.53949324934,71362.04706602637,74356.55463880338,77351.0622115804
198.0,7.0,18232.9847230058,18675.03528750987,19117.08585201394,19559.13641651801,20001.18698102208,20443.23754552615,20885.28811003022,21327.33867453429,21769.38923903836,22211.43980354243,22653.4903680465,23038.52777925989,23423.56519047328,23808.60260168667,24193.64001290006,24578.677424113448,24963.71483532684,25348.75224654023,25733.78965775362,26118.82706896701,26503.8644801804,27209.67380029287,27915.48312040534,28621.292440517813,29327.10176063028,30032.91108074275,30738.72040085522,31444.529720967694,32150.33904108016,32856.14836119263,33561.9576813051,34575.016985722395,35588.07629013968,36601.135594556974,37614.19489897426,38627.25420339155,39640.31350780884,40653.37281222613,41666.432116643424,42679.49142106071,43692.550725478,45457.68287881332,47222.81503214864,48987.947185483965,50753.07933881928,52518.2114921546,54283.34364548992,56048.47579882524,57813.60795216056,59578.74010549588,61343.8722588312
199.0,7.0,80155.6426584479,80877.21058747197,81598.77851649604,82320.34644552012,83041.91437454418,83763.48230356825,84485.05023259232,85206.61816161638,85928.18609064046,86649.75401966453,87371.3219486886,88826.80017215104,90282.27839561348,91737.75661907592,93193.23484253835,94648.7130660008,96104.19128946324,97559.66951292568,99015.14773638811,100470.62595985056,101926.104183313,104670.1134123253,107414.1226413376,110158.1318703499,112902.1410993622,115646.1503283745,118390.1595573868,121134.1687863991,123878.1780154114,126622.1872444237,129366.196473436,131095.1389043216,132824.0813352072,134553.0237660928,136281.9661969784,138010.908627864,139739.8510587496,141468.7934896352,143197.73592052082,144926.67835140642,146655.620782292,145937.3703742298,145219.1199661676,144500.86955810542,143782.6191500432,143064.368741981,142346.1183339188,141627.8679258566,140909.6175177944,140191.36710973218,139473.11670167
200.0,7.0,53999.6731187072,54545.04479595975,55090.4164732123,55635.78815046485,56181.1598277174,56726.53150496995,57271.9031822225,57817.27485947505,58362.6465367276,58908.01821398015,59453.3898912327,60600.97715641705,61748.5644216014,62896.15168678575,64043.738951970096,65191.32621715445,66338.9134823388,67486.50074752315,68634.08801270749,69781.67527789185,70929.2625430762,71903.92255170185,72878.5825603275,73853.24256895315,74827.9025775788,75802.56258620444,76777.22259483009,77751.88260345574,78726.5426120814,79701.20262070704,80675.8626293327,81573.25416983751,82470.64571034233,83368.03725084716,84265.42879135198,85162.8203318568,86060.21187236161,86957.60341286643,87854.99495337126,88752.38649387608,89649.7780343809,89937.99036235092,90226.20269032092,90514.41501829097,90802.62734626098,91090.839674231,91379.05200220102,91667.26433017103,91955.47665814108,92243.68898611108,92531.9013140811
201.0,7.0,38581.5571957053,39497.361764076544,40413.166332447785,41328.97090081902,42244.77546919026,43160.5800375615,44076.38460593274,44992.18917430398,45907.993742675215,46823.798311046456,47739.6028794177,47939.67303220348,48139.74318498926,48339.81333777504,48539.88349056082,48739.9536433466,48940.02379613238,49140.09394891816,49340.16410170394,49540.23425448972,49740.3044072755,50662.54220445269,51584.78000162988,52507.01779880707,53429.25559598426,54351.49339316145,55273.73119033864,56195.96898751583,57118.20678469302,58040.44458187021,58962.6823790474,60508.45198380812,62054.22158856884,63599.99119332956,65145.76079809028,66691.530402851,68237.30000761172,69783.06961237243,71328.83921713317,72874.60882189388,74420.3784266546,75390.49387212234,76360.60931759008,77330.72476305782,78300.84020852555,79270.9556539933,80241.07109946104,81211.18654492877,82181.30199039652,83151.41743586425,84121.532881332
202.0,7.0,83766.6209178709,88019.9520458601,92273.28317384933,96526.61430183852,100779.94542982774,105033.27655781696,109286.60768580616,113539.93881379536,117793.2699417846,122046.60106977378,126299.932197763,125327.3118162163,124354.6914346696,123382.0710531229,122409.4506715762,121436.8302900295,120464.2099084828,119491.5895269361,118518.9691453894,117546.3487638427,116573.728382296,115035.5224076445,113497.316432993,111959.1104583415,110420.90448369,108882.6985090385,107344.492534387,105806.2865597355,104268.080585084,102729.8746104325,101191.668635781,100023.6113818234,98855.5541278658,97687.4968739082,96519.4396199506,95351.382365993,94183.3251120354,93015.2678580778,91847.2106041202,90679.1533501626,89511.096096205,88345.01639494686,87178.9366936887,86012.85699243055,84846.7772911724,83680.69758991426,82514.6178886561,81348.53818739795,80182.4584861398,79016.37878488164,77850.2990836235
204.0,7.0,153883.060585084,151907.70221479938,149932.3438445148,147956.9854742302,145981.6271039456,144006.26873366098,142030.9103633764,140055.5519930918,138080.1936228072,136104.8352525226,134129.476882238,132267.66975569678,130405.8626291556,128544.0555026144,126682.2483760732,124820.441249532,122958.6341229908,121096.8269964496,119235.0198699084,117373.2127433672,115511.405616826,113831.97481703282,112152.54401723966,110473.11321744647,108793.68241765333,107114.25161786017,105434.82081806698,103755.3900182738,102075.95921848064,100396.52841868748,98717.0976188943,97453.4348851035,96189.7721513127,94926.1094175219,93662.4466837311,92398.78394994028,91135.12121614948,89871.45848235869,88607.79574856789,87344.1330147771,86080.4702809863,84930.0123450626,83779.55440913892,82629.09647321522,81478.63853729154,80328.18060136784,79177.72266544415,78027.26472952047,76876.80679359677,75726.34885767309,74575.8909217494
205.0,7.0,75055.0256444265,74149.03869100814,73243.05173758979,72337.06478417145,71431.0778307531,70525.09087733475,69619.1039239164,68713.11697049804,67807.1300170797,66901.14306366135,65995.156110243,65166.63443368771,64338.11275713242,63509.59108057713,62681.06940402184,61852.54772746655,61024.026050911256,60195.50437435597,59366.98269780068,58538.46102124539,57709.9393446901,56966.76359245389,56223.58784021768,55480.41208798147,54737.23633574526,53994.060583509054,53250.88483127284,52507.70907903663,51764.53332680042,51021.35757456421,50278.181822328,49703.2378730695,49128.293923811,48553.3499745525,47978.406025294,47403.4620760355,46828.518126777,46253.5741775185,45678.63022826,45103.6862790015,44528.742329743,43985.71395136616,43442.68557298932,42899.65719461248,42356.62881623564,41813.6004378588,41270.57205948196,40727.54368110512,40184.51530272828,39641.48692435144,39098.4585459746
